[
  {
    "name": "wuttikan",
    "email": "wutthikan_s@cmu.ac.th",
    "company": "cmu",
    "message": "hi kub",
    "submittedAt": "2025-08-14T23:54:13.953Z",
    "userAgent": "Mozilla/5.0 (Windows NT 10.0; Win64; x64) AppleWebKit/537.36 (KHTML, like Gecko) Chrome/139.0.0.0 Safari/537.36"
  },
  {
    "name": "1",
    "email": "1",
    "company": "1",
    "message": "1",
    "submittedAt": "2025-08-14T23:57:09.521Z",
    "userAgent": "Mozilla/5.0 (Windows NT 10.0; Win64; x64) AppleWebKit/537.36 (KHTML, like Gecko) Chrome/139.0.0.0 Safari/537.36"
  },
  {
    "name": "2",
    "email": "2",
    "company": "2",
    "message": "2",
    "submittedAt": "2025-08-14T23:59:28.293Z",
    "userAgent": "Mozilla/5.0 (Windows NT 10.0; Win64; x64) AppleWebKit/537.36 (KHTML, like Gecko) Chrome/139.0.0.0 Safari/537.36"
  }
]